{
    "counter": {
        "ACTIVE": 18972,
        "INACTIVE": 2028,
        "INVALID": 0,
        "MALICIOUS": 0,
        "SANE": 0,
        "VALID": 0,
        "total": 21000
    },
    "percentage": {
        "ACTIVE": 90.34285714285714,
        "INACTIVE": 9.684813753581661,
        "INVALID": 0,
        "MALICIOUS": 0,
        "SANE": 0,
        "VALID": 0,
        "total": 100.0276708964388
    }
}