{
    "counter": {
        "ACTIVE": 19604,
        "INACTIVE": 1396,
        "INVALID": 0,
        "MALICIOUS": 0,
        "SANE": 0,
        "VALID": 0,
        "total": 21000
    },
    "percentage": {
        "ACTIVE": 93.35238095238095,
        "INACTIVE": 6.662212465400401,
        "INVALID": 0,
        "MALICIOUS": 0,
        "SANE": 0,
        "VALID": 0,
        "total": 100.01459341778136
    }
}