{
    "counter": {
        "ACTIVE": 13613,
        "INACTIVE": 7364,
        "INVALID": 23,
        "MALICIOUS": 0,
        "SANE": 0,
        "VALID": 0,
        "total": 21000
    },
    "percentage": {
        "ACTIVE": 64.82998380798172,
        "INACTIVE": 35.06666666666667,
        "INVALID": 0.19915144168326263,
        "MALICIOUS": 0,
        "SANE": 0,
        "VALID": 0,
        "total": 100.09580191633165
    }
}