{
    "counter": {
        "ACTIVE": 16231,
        "INACTIVE": 4769,
        "INVALID": 0,
        "MALICIOUS": 0,
        "SANE": 0,
        "VALID": 0,
        "total": 21000
    },
    "percentage": {
        "ACTIVE": 77.30151926465686,
        "INACTIVE": 22.70952380952381,
        "INVALID": 0,
        "MALICIOUS": 0,
        "SANE": 0,
        "VALID": 0,
        "total": 100.01104307418066
    }
}