{
    "counter": {
        "ACTIVE": 17344,
        "INACTIVE": 3656,
        "INVALID": 0,
        "MALICIOUS": 0,
        "SANE": 0,
        "VALID": 0,
        "total": 21000
    },
    "percentage": {
        "ACTIVE": 82.5904761904762,
        "INACTIVE": 17.417818008575512,
        "INVALID": 0,
        "MALICIOUS": 0,
        "SANE": 0,
        "VALID": 0,
        "total": 100.0082941990517
    }
}