{
    "counter": {
        "ACTIVE": 19394,
        "INACTIVE": 1606,
        "INVALID": 0,
        "MALICIOUS": 0,
        "SANE": 0,
        "VALID": 0,
        "total": 21000
    },
    "percentage": {
        "ACTIVE": 92.35238095238095,
        "INACTIVE": 7.66953199617956,
        "INVALID": 0,
        "MALICIOUS": 0,
        "SANE": 0,
        "VALID": 0,
        "total": 100.02191294856051
    }
}