{
    "counter": {
        "ACTIVE": 19125,
        "INACTIVE": 1875,
        "INVALID": 0,
        "MALICIOUS": 0,
        "SANE": 0,
        "VALID": 0,
        "total": 21000
    },
    "percentage": {
        "ACTIVE": 91.07576551264346,
        "INACTIVE": 8.928571428571429,
        "INVALID": 0,
        "MALICIOUS": 0,
        "SANE": 0,
        "VALID": 0,
        "total": 100.00433694121489
    }
}